customer_id,signup_date,customer_segment,status,referral_source,birth_year,gender,preferred_device
CUST0100,2024-04-27,loyal,inactive,ads,2003,male,android
CUST0412,2024-12-06,churn_risk,active,ads,1994,other,web
CUST0028,2024-04-07,inactive,active,social,1988,other,ios
CUST0105,2024-02-24,loyal,inactive,ads,1975,male,web
CUST0244,2023-12-01,churn_risk,active,campaign,2001,other,android
CUST0157,2024-02-13,churn_risk,inactive,friend,1983,male,web
CUST0001,2023-12-27,churn_risk,active,search,1999,male,ios
CUST0016,2024-01-17,new,inactive,search,2006,male,android
CUST0254,2024-08-04,churn_risk,inactive,campaign,1965,other,ios
CUST0258,2023-09-19,inactive,active,campaign,1988,other,ios
CUST0436,2024-06-12,new,inactive,social,1970,female,web
CUST0311,2024-02-13,inactive,inactive,ads,1989,female,android
CUST0434,2023-12-13,loyal,active,search,1968,other,android
CUST0173,2024-03-06,inactive,inactive,social,2003,other,ios
CUST0241,2024-07-11,new,inactive,ads,1989,male,ios
CUST0060,2024-01-24,loyal,active,search,1967,male,ios
CUST0119,2024-03-01,new,active,friend,1970,female,ios
CUST0439,2024-10-08,new,active,social,1975,male,web
CUST0423,2024-02-28,new,active,search,2002,male,ios
CUST0184,2024-11-17,inactive,inactive,campaign,1999,other,ios
CUST0211,2024-03-12,churn_risk,active,social,1997,other,android
CUST0227,2024-03-04,inactive,inactive,friend,1996,other,web
CUST0376,2023-11-14,loyal,inactive,campaign,1987,other,ios
CUST0496,2023-09-24,churn_risk,active,ads,1991,other,ios
CUST0465,2024-10-13,inactive,active,ads,1990,male,ios
CUST0145,2023-12-12,new,active,ads,1977,male,android
CUST0030,2023-07-28,loyal,active,friend,2001,male,web
CUST0430,2023-08-22,inactive,inactive,friend,1996,other,android
CUST0124,2024-12-22,new,active,social,1999,female,android
CUST0048,2024-05-21,loyal,inactive,search,1981,other,ios
CUST0101,2023-10-27,inactive,inactive,ads,1975,female,ios
CUST0262,2024-11-01,churn_risk,active,friend,1971,male,ios
CUST0267,2023-12-21,new,inactive,ads,1972,other,ios
CUST0229,2024-05-11,inactive,active,friend,1982,male,android
CUST0435,2024-07-20,churn_risk,inactive,social,1980,female,web
CUST0364,2024-06-26,loyal,inactive,social,1996,female,ios
CUST0212,2024-09-08,churn_risk,active,social,1978,other,web
CUST0118,2024-04-14,loyal,active,social,2002,female,ios
CUST0471,2024-04-22,inactive,inactive,search,1991,male,web
CUST0330,2024-05-03,inactive,active,social,1991,male,web
CUST0082,2024-08-17,churn_risk,active,campaign,1985,female,ios
CUST0168,2024-01-24,new,inactive,friend,1999,male,web
CUST0171,2024-12-20,loyal,inactive,search,1966,female,android
CUST0489,2023-11-13,new,active,ads,1971,other,web
CUST0128,2024-09-13,inactive,inactive,campaign,1989,male,web
CUST0271,2024-08-27,inactive,inactive,social,1977,other,web
CUST0313,2024-10-02,inactive,active,ads,2004,male,ios
CUST0098,2024-09-12,new,inactive,social,1989,female,ios
CUST0474,2024-12-01,churn_risk,active,friend,1982,female,ios
CUST0158,2023-11-18,inactive,inactive,campaign,1989,male,android
CUST0325,2023-07-21,new,inactive,search,1983,other,web
CUST0054,2023-11-11,loyal,active,ads,1966,female,ios
CUST0136,2024-03-28,new,inactive,social,1986,other,android
CUST0142,2024-08-14,new,inactive,social,2000,male,web
CUST0047,2023-11-09,new,active,social,1999,male,ios
CUST0130,2024-01-02,new,inactive,search,1998,female,web
CUST0424,2024-06-08,loyal,active,social,1987,male,web
CUST0151,2024-08-16,churn_risk,active,friend,2005,male,ios
CUST0148,2024-03-20,loyal,active,social,1995,male,web
CUST0023,2024-04-21,churn_risk,inactive,campaign,1999,female,ios
CUST0454,2023-11-20,loyal,active,social,2000,other,web
CUST0249,2024-03-16,inactive,inactive,ads,2004,other,ios
CUST0321,2023-08-27,new,inactive,search,1978,other,web
CUST0490,2024-11-23,inactive,active,campaign,2002,female,ios
CUST0384,2024-07-14,loyal,inactive,friend,1975,female,web
CUST0433,2023-09-11,inactive,active,ads,1983,male,ios
CUST0111,2024-05-10,inactive,inactive,campaign,1991,female,ios
CUST0381,2024-09-05,inactive,inactive,search,2006,male,android
CUST0097,2024-12-15,inactive,active,campaign,1967,female,ios
CUST0106,2023-07-08,churn_risk,active,campaign,2003,male,android
CUST0441,2024-05-24,inactive,active,social,1982,male,web
CUST0428,2024-02-17,inactive,active,friend,1979,male,ios
CUST0400,2024-07-08,inactive,inactive,search,1972,female,ios
CUST0221,2024-08-31,loyal,active,social,1974,female,android
CUST0150,2024-11-02,churn_risk,inactive,social,1974,male,ios
CUST0144,2023-09-30,inactive,active,campaign,1994,other,web
CUST0064,2024-02-16,loyal,inactive,campaign,1967,male,web
CUST0274,2023-07-21,loyal,inactive,social,1977,other,android
CUST0217,2023-11-07,loyal,active,ads,1974,female,ios
CUST0457,2024-01-01,new,inactive,campaign,1999,female,web
CUST0416,2024-05-15,new,inactive,campaign,1987,male,ios
CUST0020,2024-08-12,loyal,active,campaign,2005,female,web
CUST0072,2024-11-29,churn_risk,active,social,1987,male,ios
CUST0322,2024-06-11,new,active,ads,1990,female,android
CUST0375,2024-09-07,new,active,friend,2006,male,ios
CUST0481,2023-07-31,churn_risk,active,ads,1967,female,android
CUST0041,2023-09-22,loyal,active,ads,2004,other,android
CUST0129,2023-12-08,new,inactive,campaign,1990,other,android
CUST0243,2024-05-23,churn_risk,active,social,2000,male,ios
CUST0266,2024-02-17,new,active,campaign,1981,female,android
CUST0326,2023-07-20,loyal,inactive,friend,1999,other,android
CUST0415,2023-08-07,loyal,inactive,campaign,1994,male,android
CUST0094,2023-11-20,churn_risk,inactive,ads,2000,male,web
CUST0179,2024-10-03,loyal,inactive,friend,1975,other,web
CUST0459,2024-11-03,inactive,inactive,friend,1971,other,ios
CUST0183,2024-12-25,new,active,search,1978,male,android
CUST0335,2024-11-23,new,active,campaign,1980,other,ios
CUST0389,2024-05-20,loyal,inactive,campaign,2005,female,android
CUST0188,2024-05-08,churn_risk,active,ads,1969,other,android
CUST0420,2023-08-19,inactive,active,ads,1974,female,ios
CUST0447,2024-05-15,churn_risk,inactive,social,1987,male,android
CUST0040,2024-06-09,new,inactive,campaign,1973,female,web
CUST0255,2023-12-23,new,active,friend,1982,female,web
CUST0162,2024-09-23,new,active,campaign,2001,male,ios
CUST0131,2024-01-31,loyal,active,campaign,1965,female,ios
CUST0070,2024-03-16,inactive,inactive,friend,2002,male,web
CUST0357,2024-05-02,churn_risk,active,friend,1968,male,web
CUST0007,2023-08-15,loyal,active,ads,1997,female,web
CUST0252,2024-05-16,inactive,active,friend,1983,male,ios
CUST0451,2024-02-18,churn_risk,active,ads,1965,male,android
CUST0203,2023-09-06,loyal,inactive,ads,1966,other,ios
CUST0303,2024-03-17,churn_risk,active,campaign,2001,other,web
CUST0455,2024-01-07,loyal,active,friend,2000,other,ios
CUST0074,2024-12-04,churn_risk,active,social,1987,male,android
CUST0061,2024-05-12,inactive,inactive,campaign,1986,male,android
CUST0353,2024-02-13,inactive,active,friend,1999,male,ios
CUST0380,2024-02-23,loyal,inactive,search,1970,male,android
CUST0226,2023-09-26,loyal,inactive,friend,1994,other,ios
CUST0222,2024-06-20,inactive,inactive,social,1993,male,ios
CUST0034,2023-11-18,new,inactive,ads,1995,other,android
CUST0009,2023-10-12,new,active,ads,1991,female,android
CUST0120,2023-09-16,churn_risk,inactive,friend,1980,other,android
CUST0361,2024-03-08,loyal,active,social,1975,other,android
CUST0239,2023-10-31,inactive,inactive,search,1978,female,web
CUST0404,2024-04-05,new,active,friend,1985,female,web
CUST0021,2024-02-08,inactive,active,ads,1982,female,ios
CUST0213,2023-11-03,inactive,inactive,friend,1994,other,ios
CUST0401,2023-10-07,new,active,campaign,2005,female,web
CUST0032,2024-02-29,inactive,active,ads,1999,female,web
CUST0293,2023-07-09,new,active,search,1991,other,ios
CUST0363,2024-07-25,loyal,inactive,friend,2000,other,android
CUST0309,2024-03-12,churn_risk,active,campaign,1976,other,web
CUST0429,2023-11-21,new,inactive,ads,2003,male,ios
CUST0369,2024-08-05,loyal,active,campaign,1976,male,ios
CUST0102,2023-08-18,churn_risk,active,campaign,1978,other,web
CUST0046,2024-05-01,inactive,inactive,search,1966,male,web
CUST0170,2024-07-11,churn_risk,inactive,ads,1996,other,web
CUST0050,2023-11-27,new,inactive,social,1995,female,ios
CUST0081,2024-10-02,loyal,active,ads,1992,female,web
CUST0062,2024-09-11,new,inactive,ads,2000,male,android
CUST0472,2024-04-22,new,active,campaign,1980,male,web
CUST0470,2024-12-30,new,active,search,1973,other,ios
CUST0231,2024-12-24,new,inactive,search,1991,male,ios
CUST0316,2023-12-07,inactive,inactive,campaign,1974,other,android
CUST0194,2024-04-29,loyal,active,friend,1998,other,web
CUST0036,2024-03-10,loyal,inactive,ads,1972,male,ios
CUST0236,2024-10-21,loyal,active,friend,2006,male,ios
CUST0445,2023-10-01,inactive,inactive,ads,1974,female,android
CUST0497,2024-08-27,inactive,active,social,1966,male,web
CUST0049,2023-11-02,loyal,inactive,campaign,2001,female,web
CUST0393,2024-08-31,loyal,inactive,ads,1967,female,ios
CUST0362,2024-03-23,inactive,active,ads,1991,other,ios
CUST0359,2024-01-14,churn_risk,inactive,search,1991,other,web
CUST0268,2023-10-01,new,active,social,1977,female,ios
CUST0198,2024-05-20,loyal,active,ads,2006,male,android
CUST0431,2024-04-17,loyal,active,campaign,1985,other,android
CUST0422,2024-11-28,inactive,inactive,friend,1984,female,ios
CUST0005,2024-03-28,loyal,inactive,ads,1995,other,web
CUST0307,2024-04-04,loyal,active,search,1998,male,ios
CUST0259,2023-12-02,churn_risk,active,search,2004,male,android
CUST0086,2024-05-09,churn_risk,active,search,1997,other,android
CUST0296,2024-07-26,new,active,friend,1989,female,ios
CUST0479,2023-07-15,loyal,inactive,social,1967,male,ios
CUST0077,2023-12-13,loyal,active,social,1975,other,ios
CUST0017,2023-09-14,inactive,inactive,friend,1987,other,android
CUST0240,2024-04-18,inactive,inactive,friend,1978,other,web
CUST0408,2024-11-06,churn_risk,active,social,1968,female,android
CUST0368,2023-10-26,churn_risk,active,social,2003,female,ios
CUST0273,2024-03-02,loyal,inactive,campaign,1974,female,android
CUST0382,2023-10-06,loyal,inactive,campaign,1971,male,android
CUST0482,2023-08-29,churn_risk,inactive,social,1985,other,ios
CUST0225,2024-12-26,churn_risk,active,search,1998,male,android
CUST0196,2023-09-24,inactive,active,ads,1976,male,web
CUST0475,2024-06-15,loyal,inactive,ads,1989,female,web
CUST0297,2024-01-27,new,active,ads,1992,other,android
CUST0495,2023-12-08,inactive,active,ads,1993,other,android
CUST0044,2023-12-15,loyal,active,search,1976,other,ios
CUST0318,2024-07-01,inactive,inactive,ads,1995,female,web
CUST0006,2023-07-13,new,active,ads,1983,male,ios
CUST0378,2024-07-13,inactive,active,campaign,1984,female,android
CUST0391,2024-11-29,churn_risk,inactive,search,2000,female,ios
CUST0398,2024-06-22,loyal,active,friend,1985,other,ios
CUST0392,2024-10-22,inactive,inactive,social,1985,male,web
CUST0104,2024-08-15,new,inactive,campaign,2003,other,ios
CUST0491,2024-02-25,loyal,active,search,1999,other,android
CUST0115,2024-01-28,churn_risk,active,search,2002,female,android
CUST0063,2024-09-22,churn_risk,inactive,ads,2001,male,web
CUST0476,2024-09-14,loyal,inactive,search,1986,other,android
CUST0055,2023-11-01,churn_risk,inactive,ads,1977,other,ios
CUST0466,2024-01-03,new,active,campaign,2002,other,ios
CUST0143,2024-11-21,churn_risk,inactive,social,1970,male,ios
CUST0494,2023-11-29,loyal,inactive,social,1987,female,android
CUST0305,2024-11-17,churn_risk,active,ads,1980,female,android
CUST0493,2024-08-27,inactive,inactive,social,1980,male,ios
CUST0068,2024-05-29,churn_risk,active,search,1994,male,web
CUST0288,2024-07-17,inactive,active,campaign,1995,other,android
CUST0135,2024-11-07,churn_risk,active,social,1983,other,ios
CUST0138,2023-12-07,loyal,active,campaign,1985,other,android
CUST0488,2024-08-30,loyal,active,friend,1994,male,ios
CUST0427,2023-08-14,loyal,inactive,friend,2002,male,web
CUST0360,2023-09-22,inactive,inactive,friend,1995,other,ios
CUST0286,2024-12-04,inactive,inactive,friend,2004,male,web
CUST0452,2024-05-11,inactive,inactive,campaign,1996,female,ios
CUST0453,2024-04-01,new,inactive,ads,1991,other,ios
CUST0338,2024-03-09,churn_risk,inactive,ads,1967,female,android
CUST0210,2024-11-11,new,active,search,2003,male,android
CUST0276,2024-11-17,inactive,active,social,2003,female,ios
CUST0091,2023-09-16,churn_risk,inactive,ads,2001,other,android
CUST0402,2024-03-18,new,active,ads,1998,female,ios
CUST0440,2023-11-30,churn_risk,inactive,search,1977,male,ios
CUST0484,2024-08-15,new,inactive,search,1987,other,ios
CUST0127,2023-08-26,churn_risk,inactive,ads,1971,male,ios
CUST0464,2023-12-07,new,inactive,social,2003,male,web
CUST0371,2023-07-24,churn_risk,active,social,1995,female,web
CUST0290,2024-05-29,churn_risk,inactive,search,1969,female,android
CUST0033,2024-10-18,new,inactive,search,1965,female,android
CUST0265,2023-07-30,new,inactive,search,1973,other,ios
CUST0411,2024-05-02,new,inactive,ads,1983,other,web
CUST0169,2024-05-30,inactive,active,campaign,1969,male,android
CUST0329,2024-10-05,churn_risk,active,campaign,1966,female,android
CUST0405,2023-10-20,new,active,campaign,1981,other,android
CUST0205,2024-09-18,inactive,inactive,ads,1969,female,android
CUST0132,2024-03-29,loyal,active,campaign,1991,male,ios
CUST0035,2023-09-25,churn_risk,active,search,1968,female,android
CUST0337,2024-01-07,loyal,inactive,social,2001,male,web
CUST0149,2024-11-06,new,inactive,social,1991,other,android
CUST0003,2024-11-03,churn_risk,active,friend,1973,female,android
CUST0209,2024-04-06,churn_risk,active,search,1996,other,web
CUST0140,2024-10-10,inactive,active,social,2003,other,web
CUST0314,2024-06-13,new,active,search,1982,female,web
CUST0031,2024-05-12,inactive,inactive,ads,2005,female,ios
CUST0473,2023-09-29,new,inactive,search,1997,other,ios
CUST0029,2024-05-31,inactive,active,ads,2005,other,android
CUST0176,2023-07-24,churn_risk,inactive,social,1984,other,ios
CUST0228,2023-07-18,churn_risk,active,campaign,1976,male,android
CUST0477,2024-10-24,churn_risk,inactive,friend,1987,female,web
CUST0141,2024-08-07,new,active,social,1982,male,web
CUST0421,2024-07-14,new,active,ads,1965,male,ios
CUST0332,2023-10-09,inactive,active,search,1996,female,web
CUST0137,2024-06-15,new,active,search,1997,female,web
CUST0112,2024-11-23,loyal,active,search,1973,female,android
CUST0418,2024-06-17,churn_risk,inactive,campaign,1999,male,web
CUST0242,2024-08-10,inactive,active,ads,2004,male,ios
CUST0008,2024-01-04,inactive,active,search,1981,other,web
CUST0134,2023-08-24,inactive,inactive,ads,2003,female,android
CUST0181,2023-08-03,new,active,campaign,1985,male,web
CUST0026,2024-02-24,loyal,active,ads,2002,female,ios
CUST0450,2024-02-04,inactive,inactive,campaign,1993,female,android
CUST0407,2024-06-03,loyal,inactive,social,1969,other,android
CUST0076,2024-05-01,churn_risk,active,search,1986,female,android
CUST0133,2024-06-02,inactive,active,ads,1997,male,web
CUST0456,2023-10-09,inactive,inactive,search,2000,male,android
CUST0027,2024-08-06,loyal,inactive,ads,1976,female,android
CUST0253,2024-11-18,loyal,active,social,1974,other,ios
CUST0084,2024-03-18,loyal,active,campaign,1972,other,web
CUST0014,2024-11-20,churn_risk,active,ads,2006,male,ios
CUST0038,2024-03-13,churn_risk,inactive,friend,1966,male,ios
CUST0438,2024-07-30,new,inactive,search,1977,other,ios
CUST0257,2023-10-03,new,active,friend,1969,female,ios
CUST0284,2023-07-28,inactive,inactive,friend,1987,female,android
CUST0155,2023-08-06,new,active,search,1998,female,ios
CUST0079,2024-11-21,inactive,active,ads,1995,female,ios
CUST0410,2024-09-20,loyal,active,search,1999,other,android
CUST0247,2024-03-07,churn_risk,inactive,friend,1992,female,ios
CUST0486,2024-04-17,new,active,social,1978,female,android
CUST0146,2024-01-26,churn_risk,active,ads,1972,other,web
CUST0283,2024-09-04,churn_risk,inactive,campaign,1976,female,android
CUST0352,2024-03-13,loyal,active,search,1996,male,android
CUST0238,2024-11-17,loyal,active,ads,2006,male,ios
CUST0117,2023-08-14,new,inactive,social,1990,male,ios
CUST0246,2024-12-25,loyal,active,search,2006,female,web
CUST0345,2024-09-09,inactive,inactive,friend,1973,male,web
CUST0125,2024-08-27,inactive,active,campaign,1970,other,web
CUST0449,2024-02-23,new,inactive,ads,1972,male,web
CUST0388,2024-06-16,inactive,active,ads,1979,male,web
CUST0301,2024-01-16,churn_risk,active,campaign,1989,male,web
CUST0248,2024-11-02,loyal,active,social,1978,male,android
CUST0342,2024-10-18,inactive,inactive,social,1998,other,android
CUST0399,2024-08-15,loyal,inactive,campaign,1978,male,android
CUST0379,2023-08-27,loyal,active,campaign,1998,female,android
CUST0340,2024-04-19,loyal,inactive,friend,1970,other,web
CUST0089,2023-11-03,churn_risk,active,campaign,1995,other,android
CUST0339,2024-12-20,loyal,active,ads,1965,male,web
CUST0191,2023-10-28,inactive,active,ads,1990,female,android
CUST0167,2024-08-18,loyal,active,friend,1976,female,web
CUST0123,2024-06-14,churn_risk,inactive,search,2003,female,android
CUST0417,2024-05-13,loyal,inactive,social,1994,other,web
CUST0013,2023-10-24,churn_risk,inactive,campaign,1967,other,ios
CUST0042,2024-10-30,loyal,active,search,1978,female,android
CUST0207,2024-08-30,inactive,active,search,1998,other,ios
CUST0177,2024-08-21,inactive,inactive,ads,1979,other,ios
CUST0015,2023-08-26,new,active,campaign,1995,male,web
CUST0067,2024-01-17,inactive,inactive,friend,1990,female,ios
CUST0270,2024-10-22,loyal,inactive,campaign,1991,female,android
CUST0234,2024-04-09,churn_risk,active,campaign,1989,male,web
CUST0002,2024-03-11,churn_risk,active,campaign,1979,female,ios
CUST0087,2024-02-06,loyal,active,social,1983,male,android
CUST0426,2024-05-14,inactive,active,campaign,2003,male,web
CUST0045,2024-02-16,inactive,active,ads,1965,female,ios
CUST0108,2023-08-22,loyal,inactive,social,1989,female,ios
CUST0323,2024-02-14,new,active,campaign,1993,male,web
CUST0347,2023-10-23,new,inactive,campaign,1999,other,android
CUST0282,2023-10-26,new,active,friend,2005,male,ios
CUST0498,2023-12-15,loyal,active,friend,1974,other,android
CUST0178,2024-03-04,churn_risk,inactive,campaign,1979,male,ios
CUST0281,2024-03-23,loyal,inactive,social,1986,female,android
CUST0386,2023-08-20,churn_risk,active,social,1971,male,ios
CUST0458,2024-07-24,loyal,inactive,social,1978,other,web
CUST0298,2024-01-04,new,active,friend,1981,male,ios
CUST0156,2023-09-05,loyal,inactive,ads,1969,other,web
CUST0139,2024-04-15,new,active,campaign,1993,male,web
CUST0444,2023-12-19,churn_risk,active,friend,1992,other,ios
CUST0374,2023-08-20,new,inactive,friend,1986,other,android
CUST0269,2023-12-04,loyal,inactive,friend,1994,female,android
CUST0419,2024-06-04,loyal,active,friend,2003,male,android
CUST0071,2024-08-28,churn_risk,inactive,search,1988,male,web
CUST0351,2023-09-05,new,inactive,campaign,1982,other,android
CUST0387,2023-09-04,new,active,search,1974,other,web
CUST0022,2024-09-10,loyal,inactive,social,1983,female,ios
CUST0383,2023-09-13,loyal,active,search,1983,male,ios
CUST0341,2024-01-23,inactive,active,search,1986,other,android
CUST0214,2024-04-06,new,active,social,1966,other,web
CUST0403,2024-09-18,churn_risk,active,friend,2006,female,ios
CUST0069,2023-12-24,loyal,inactive,social,1978,female,ios
CUST0058,2023-12-10,inactive,inactive,ads,1970,male,ios
CUST0166,2023-12-05,churn_risk,active,friend,1997,other,web
CUST0043,2024-11-03,loyal,active,campaign,1982,other,android
CUST0280,2024-11-01,new,active,ads,1986,male,ios
CUST0004,2023-09-14,inactive,inactive,social,1969,male,web
CUST0406,2024-07-19,churn_risk,inactive,ads,1979,other,web
CUST0193,2024-04-21,churn_risk,active,campaign,1975,other,android
CUST0487,2023-08-25,churn_risk,inactive,ads,1993,female,ios
CUST0090,2024-01-20,loyal,active,friend,1999,other,android
CUST0096,2024-10-31,new,inactive,social,1979,female,web
CUST0372,2024-08-10,inactive,active,campaign,2003,female,web
CUST0095,2024-05-22,loyal,active,campaign,1986,male,android
CUST0182,2023-07-09,new,active,ads,1966,male,android
CUST0224,2023-11-08,inactive,inactive,friend,1994,male,web
CUST0425,2024-06-30,churn_risk,inactive,campaign,1985,male,android
CUST0204,2023-12-08,loyal,inactive,social,1967,male,ios
CUST0011,2024-12-29,inactive,active,social,1993,male,ios
CUST0216,2024-10-17,loyal,inactive,search,1976,male,android
CUST0010,2024-11-02,loyal,inactive,campaign,2002,male,android
CUST0052,2024-09-20,loyal,active,search,1997,female,ios
CUST0373,2023-09-15,churn_risk,inactive,friend,1967,female,web
CUST0152,2024-10-03,new,active,search,1996,female,android
CUST0324,2024-12-28,loyal,active,campaign,2006,other,android
CUST0233,2023-09-04,loyal,inactive,campaign,1982,other,ios
CUST0126,2024-04-03,new,active,ads,1996,other,ios
CUST0164,2023-12-19,loyal,active,friend,2004,female,android
CUST0088,2023-10-16,inactive,inactive,search,1966,male,ios
CUST0279,2024-06-25,churn_risk,inactive,friend,1982,female,android
CUST0186,2023-09-18,loyal,active,campaign,1999,female,web
CUST0195,2023-12-04,churn_risk,inactive,campaign,1978,female,web
CUST0299,2023-07-05,inactive,active,campaign,1975,other,android
CUST0075,2023-07-09,churn_risk,inactive,social,1972,male,android
CUST0356,2023-07-06,inactive,inactive,social,1988,female,ios
CUST0206,2024-11-19,churn_risk,active,search,1985,female,web
CUST0355,2024-05-29,loyal,active,ads,1982,female,ios
CUST0264,2024-01-05,inactive,inactive,search,1983,other,web
CUST0018,2023-11-16,inactive,inactive,social,1978,male,ios
CUST0492,2023-11-09,inactive,active,search,1982,female,web
CUST0235,2024-06-03,churn_risk,inactive,social,2000,other,android
CUST0277,2024-07-23,inactive,active,ads,1992,other,web
CUST0394,2023-09-04,churn_risk,inactive,search,1978,female,web
CUST0320,2024-10-11,inactive,active,social,2001,male,web
CUST0295,2023-08-22,new,inactive,friend,2005,other,web
CUST0315,2023-11-12,inactive,active,campaign,1978,male,web
CUST0197,2023-09-08,loyal,active,social,1991,male,web
CUST0121,2023-07-29,new,active,campaign,1982,other,android
CUST0289,2024-06-14,churn_risk,active,campaign,1998,male,ios
CUST0113,2024-01-17,inactive,active,search,1983,female,android
CUST0065,2023-10-23,churn_risk,inactive,friend,1982,male,web
CUST0333,2024-05-25,inactive,active,search,1979,other,web
CUST0103,2024-05-01,new,active,search,1977,female,web
CUST0468,2023-12-19,inactive,inactive,search,1983,other,web
CUST0348,2024-05-24,inactive,inactive,campaign,1998,male,web
CUST0175,2023-09-09,churn_risk,inactive,ads,1986,female,android
CUST0294,2024-05-10,inactive,inactive,social,1972,female,ios
CUST0354,2024-10-07,inactive,active,social,2002,other,android
CUST0442,2024-08-26,loyal,active,friend,1966,female,android
CUST0312,2024-08-27,churn_risk,inactive,campaign,1998,other,web
CUST0116,2024-03-12,loyal,active,ads,1974,male,ios
CUST0114,2024-07-17,new,active,ads,1974,other,android
CUST0107,2024-08-13,churn_risk,active,search,1965,male,ios
CUST0480,2024-03-10,inactive,inactive,friend,1985,male,ios
CUST0147,2024-05-25,loyal,inactive,social,1989,male,android
CUST0163,2023-07-11,new,active,friend,2000,female,android
CUST0328,2023-08-28,inactive,active,social,1970,male,ios
CUST0066,2024-04-15,new,inactive,ads,2003,other,web
CUST0109,2024-10-11,loyal,active,friend,1987,other,android
CUST0073,2023-10-16,loyal,inactive,ads,1991,male,android
CUST0056,2023-07-10,loyal,active,campaign,1976,male,android
CUST0395,2023-08-24,new,active,ads,2002,other,ios
CUST0462,2024-11-14,inactive,active,friend,1982,other,web
CUST0344,2024-04-08,loyal,inactive,ads,2004,male,android
CUST0370,2024-01-31,loyal,active,social,1987,female,web
CUST0223,2023-07-15,churn_risk,inactive,friend,1976,male,web
CUST0099,2023-12-26,churn_risk,inactive,ads,1997,male,ios
CUST0220,2023-10-18,new,inactive,friend,1979,female,web
CUST0365,2024-09-22,loyal,inactive,social,1965,male,android
CUST0250,2024-02-17,loyal,inactive,social,1967,female,web
CUST0037,2024-11-06,loyal,inactive,friend,1967,male,android
CUST0078,2024-06-08,inactive,active,ads,1969,other,web
CUST0172,2023-09-02,churn_risk,inactive,campaign,1972,male,android
CUST0200,2024-01-27,new,active,ads,2001,female,web
CUST0390,2023-11-20,loyal,inactive,campaign,1992,female,android
CUST0059,2024-06-08,loyal,inactive,friend,2005,female,ios
CUST0304,2023-11-09,churn_risk,inactive,campaign,1967,female,web
CUST0358,2024-12-11,new,inactive,search,2001,other,ios
CUST0334,2023-09-27,loyal,active,friend,2001,male,android
CUST0287,2023-10-18,inactive,inactive,social,1986,other,android
CUST0051,2024-07-30,inactive,inactive,search,1976,male,web
CUST0460,2023-12-21,churn_risk,active,campaign,1983,other,web
CUST0161,2024-12-15,loyal,active,ads,2004,female,ios
CUST0201,2024-01-18,inactive,active,campaign,1976,male,web
CUST0308,2023-09-03,new,active,campaign,1965,other,web
CUST0437,2023-11-24,churn_risk,inactive,social,1979,male,ios
CUST0278,2023-12-19,inactive,inactive,friend,1979,male,web
CUST0349,2023-11-08,loyal,inactive,campaign,1992,female,web
CUST0499,2024-02-08,loyal,inactive,friend,1978,other,ios
CUST0461,2024-11-01,new,inactive,ads,1974,female,android
CUST0367,2024-08-30,churn_risk,active,search,2003,female,web
CUST0485,2023-09-09,loyal,inactive,search,1980,other,web
CUST0189,2024-11-29,churn_risk,active,friend,1971,female,web
CUST0343,2024-08-26,new,active,social,1981,female,web
CUST0122,2023-08-29,loyal,active,friend,1996,female,ios
CUST0366,2023-12-20,churn_risk,inactive,social,1988,male,android
CUST0185,2023-12-22,churn_risk,inactive,campaign,1990,female,web
CUST0092,2023-08-16,churn_risk,active,ads,1968,other,ios
CUST0085,2024-02-09,inactive,active,search,2001,female,android
CUST0263,2023-08-24,churn_risk,active,ads,1989,male,ios
CUST0192,2024-08-29,new,active,ads,2000,female,ios
CUST0187,2024-09-04,new,active,ads,1985,female,ios
CUST0110,2024-01-12,new,inactive,friend,1993,other,ios
CUST0443,2023-10-10,churn_risk,active,ads,1998,male,android
CUST0463,2024-04-12,churn_risk,inactive,social,1983,other,ios
CUST0012,2024-10-08,loyal,inactive,friend,2001,female,ios
CUST0202,2024-03-13,loyal,inactive,friend,1984,male,web
CUST0302,2024-01-18,churn_risk,active,social,2000,female,web
CUST0159,2024-10-05,inactive,active,search,1981,female,ios
CUST0256,2023-12-16,inactive,active,friend,1985,female,android
CUST0292,2023-12-01,loyal,active,friend,1980,male,web
CUST0331,2024-02-14,loyal,active,search,1995,male,ios
CUST0039,2024-02-28,churn_risk,inactive,search,1973,other,ios
CUST0219,2023-07-15,new,inactive,search,2001,male,ios
CUST0500,2024-07-08,new,inactive,ads,1966,other,web
CUST0300,2024-03-11,inactive,inactive,search,1997,other,web
CUST0245,2024-12-31,inactive,inactive,campaign,1978,female,web
CUST0327,2024-01-24,new,active,social,1996,female,web
CUST0080,2023-08-25,inactive,inactive,social,1965,female,ios
CUST0260,2024-03-20,churn_risk,active,friend,1968,male,android
CUST0019,2024-06-08,churn_risk,inactive,search,1991,male,web
CUST0218,2023-10-06,churn_risk,inactive,friend,1977,other,web
CUST0336,2024-10-16,churn_risk,inactive,campaign,1966,other,web
CUST0275,2023-07-08,new,inactive,ads,1995,female,ios
CUST0180,2024-08-13,inactive,inactive,ads,1996,other,android
CUST0174,2023-10-16,churn_risk,inactive,ads,1984,other,android
CUST0478,2024-08-18,loyal,inactive,social,2002,other,web
CUST0469,2024-08-04,churn_risk,inactive,search,1971,other,android
CUST0350,2024-09-17,churn_risk,inactive,ads,2000,other,web
CUST0024,2023-09-23,inactive,inactive,social,1997,male,web
CUST0230,2024-02-07,new,active,friend,1998,male,android
CUST0237,2023-12-16,new,active,search,1985,other,android
CUST0154,2023-07-29,loyal,inactive,friend,1993,other,web
CUST0319,2024-04-22,inactive,inactive,social,2004,female,ios
CUST0291,2023-10-25,churn_risk,inactive,campaign,1982,other,ios
CUST0446,2024-02-14,loyal,active,friend,1971,other,ios
CUST0199,2023-10-03,inactive,active,search,1967,male,ios
CUST0153,2024-07-07,inactive,inactive,search,1993,female,ios
CUST0165,2024-06-03,inactive,active,social,1981,other,ios
CUST0215,2024-10-28,inactive,inactive,social,1982,male,web
CUST0160,2024-05-20,loyal,inactive,friend,2001,female,ios
CUST0483,2023-10-19,loyal,active,friend,1966,female,ios
CUST0190,2023-08-15,new,active,search,1985,male,web
CUST0409,2024-03-30,loyal,active,friend,1986,other,android
CUST0346,2024-09-13,inactive,inactive,campaign,2005,other,android
CUST0377,2024-06-07,new,inactive,social,1982,other,web
CUST0396,2024-10-23,new,active,ads,1981,male,android
CUST0208,2024-09-29,loyal,active,friend,1973,male,android
CUST0467,2023-11-28,new,active,campaign,1981,other,android
CUST0251,2024-04-11,inactive,inactive,social,1974,other,web
CUST0397,2024-04-30,inactive,inactive,friend,1980,male,web
CUST0285,2024-05-13,loyal,active,friend,1993,male,web
CUST0083,2024-09-08,loyal,inactive,search,1965,other,web
CUST0432,2024-08-14,churn_risk,active,campaign,1988,female,ios
CUST0448,2023-12-19,inactive,inactive,search,1975,other,android
CUST0025,2024-11-20,churn_risk,active,social,1970,other,android
CUST0414,2024-02-07,loyal,inactive,friend,2001,female,ios
CUST0413,2024-05-22,churn_risk,inactive,search,1976,female,ios
CUST0310,2024-10-14,churn_risk,active,campaign,1984,female,web
CUST0057,2024-11-09,loyal,inactive,ads,1985,other,web
CUST0306,2023-12-03,churn_risk,inactive,campaign,1993,male,ios
CUST0317,2024-12-30,inactive,inactive,search,1977,male,web
CUST0093,2023-09-23,loyal,inactive,campaign,1971,other,ios
CUST0053,2024-08-04,new,active,campaign,1990,other,web
CUST0232,2024-10-05,inactive,active,friend,1996,other,ios
CUST0385,2024-07-08,churn_risk,active,friend,2003,male,android
CUST0261,2023-09-24,loyal,active,campaign,2005,female,web
CUST0272,2024-09-25,inactive,inactive,social,1966,female,web
CUST00501,2024-12-15,loyal,active,ads,1984,other,ios
CUST00502,2024-07-20,inactive,inactive,friend,1994,male,android
CUST00503,2023-10-20,inactive,active,search,1969,other,android
CUST00504,2023-10-14,inactive,active,ads,2002,female,android
CUST00505,2023-10-08,inactive,active,search,2006,male,web
CUST00506,2023-11-09,new,active,social,1985,other,web
CUST00507,2024-11-27,loyal,active,search,1992,male,ios
CUST00508,2023-08-28,new,active,search,1977,male,web
CUST00509,2024-08-28,inactive,inactive,social,1966,male,web
CUST00510,2023-09-04,inactive,inactive,ads,1986,female,ios
CUST00511,2024-05-29,loyal,active,campaign,2005,other,android
CUST00512,2024-03-26,loyal,active,campaign,1976,female,web
CUST00513,2024-08-22,inactive,inactive,campaign,2001,male,android
CUST00514,2023-11-25,inactive,active,social,1977,male,ios
CUST00515,2024-10-06,new,inactive,ads,1984,female,web
CUST00516,2023-08-01,loyal,active,social,1965,female,web
CUST00517,2024-10-04,inactive,active,search,2001,other,web
CUST00518,2023-07-18,churn_risk,inactive,campaign,1973,male,web
CUST00519,2023-09-21,churn_risk,active,social,2003,male,android
CUST00520,2024-07-29,new,active,ads,1997,male,android
CUST00521,2024-08-23,churn_risk,active,search,1966,other,android
CUST00522,2024-01-12,new,inactive,ads,1970,other,ios
CUST00523,2024-11-28,new,active,search,1975,other,ios
CUST00524,2024-12-28,loyal,inactive,friend,1990,male,web
CUST00525,2024-11-28,churn_risk,inactive,friend,1976,female,web
